{"cameraMode":{"drawMode":0,"name":"Shaded","section":"Shading Mode"},"sceneLighting":true,"audioPlay":false,"sceneViewState":{"m_AlwaysRefresh":false,"showFog":true,"showSkybox":true,"showFlares":true,"showImageEffects":true,"showParticleSystems":true,"showVisualEffectGraphs":true,"m_FxEnabled":true},"in2DMode":false,"pivot":{"x":-0.5708925127983093,"y":-0.7389060854911804,"z":7.97994327545166},"rotation":{"x":-0.11553793400526047,"y":0.012508216314017773,"z":-0.0014837266644462944,"w":-0.9931986331939697},"size":11.888376235961914,"orthographic":false}